{"paths": {
  "St.Himark": {
    "id": "St.Himark",
    "d":"m 50,50 5,-5 34,54 24,-34 z", "tot_sewer_and_water": 468308.0,
    "avg_sewer_and_water": 5.6491393141,
    "num_sewer_and_water": 82899.0,
    "tot_power": 502189.0,
    "avg_power": 6.0453713735,
    "num_power": 83070.0,
    "tot_roads_and_bridges": 477095.0,
    "avg_roads_and_bridges": 5.7432887926,
    "num_roads_and_bridges": 83070.0,
    "tot_buildings": 393278.0,
    "avg_buildings": 4.7440048251,
    "num_buildings": 82900.0,
    "tot_shake_intensity": 190269.0,
    "avg_shake_intensity": 2.6826410625,
    "num_shake_intensity": 70926.0
  },
  "Palace Hills": {
    "id": "Palace Hills",
    "d": "m 49.751109,87.303032 -7.255256,1.224232 -1.202711,1.269532 -0.53454,1.469983 -4.744032,2.338607 -2.138157,6.214017 -2.873147,11.358957 -7.817635,-0.20045 1.937704,-8.15172 5.211755,-0.13364 1.269532,-2.07134 2.00452,-9.822154 -1.055944,-2.858172 -2.645833,-2.787576 -0.826823,-1.559149 -0.09449,-1.511906 -1.015809,-2.244233 -1.443739,-0.431327 -10.891233,-0.801809 -0.03341,-2.53906 9.554885,0.400904 -4.698783,-17.22841 -0.188988,-2.834822 3.284154,-8.801878 5.311983,-2.438834 0.334087,-2.53906 5.412205,-1.637025 3.044476,-2.773307 5.149924,-1.41741 3.543527,-0.803201 3.779764,-0.04725 3.732514,0.897694 0.472469,0.330729 1.795388,-0.850448 -0.04725,18.993305 0.03543,19.619325 -0.342548,0.05905 -6.236607,-0.02363 z",
    "tot_sewer_and_water": 65583.0,
    "avg_sewer_and_water": 7.4560027285,
    "num_sewer_and_water": 8796.0,
    "tot_power": 50369.0,
    "avg_power": 5.7263528877,
    "num_power": 8796.0,
    "tot_roads_and_bridges": 57977.0,
    "avg_roads_and_bridges": 6.5912914961,
    "num_roads_and_bridges": 8796.0,
    "tot_buildings": 54258.0,
    "avg_buildings": 6.1684856753,
    "num_buildings": 8796.0,
    "tot_shake_intensity": 8563.0,
    "avg_shake_intensity": 1.0803684078,
    "num_shake_intensity": 7926.0,
    "tot_medical": 45607.0,
    "avg_medical": 5.1849704411,
    "num_medical": 8796.0
  },
  "Northwest": {
    "id": "Northwest",
    "d": "m 56.129464,36.323505 3.538458,-1.784683 2.539061,1.469982 0,3.407685 4.677214,1.069078 2.939966,-1.670433 0.53454,0.200451 2.071338,-1.46998 0.06682,-2.271792 6.815373,-0.400905 -1.00226,3.875408 5.211754,-1.202711 -0.267269,-3.87541 2.004521,-0.200451 0.200453,3.741771 12.828937,-3.54132 1.670434,3.140419 0.252136,26.727184 -6.56734,1.08668 -3.165549,-0.755951 -5.686793,-1.934578 -6.748556,0.267269 -3.942225,3.80859 -0.133633,4.142679 -5.879931,6.748555 -12.264554,-1.173525 -0.04726,-0.732333 0.342548,-0.05905 z",
    "tot_sewer_and_water": 12563.0,
    "avg_sewer_and_water": 5.6769091731,
    "num_sewer_and_water": 2213.0,
    "tot_power": 16859.0,
    "avg_power": 7.6181653864,
    "num_power": 2213.0,
    "tot_roads_and_bridges": 13168.0,
    "avg_roads_and_bridges": 5.9502937189,
    "num_roads_and_bridges": 2213.0,
    "tot_buildings": 14056.0,
    "avg_buildings": 6.3515589697,
    "num_buildings": 2213.0,
    "tot_shake_intensity": 3038.0,
    "avg_shake_intensity": 1.5700258398,
    "num_shake_intensity": 1935.0,
    "tot_medical": 168.0,
    "avg_medical": 4.8,
    "num_medical": 35.0
  },
  "Old Town": {
    "id": "Old Town",
    "d": "m 98.288368,33.670195 1.072123,-3.701407 -1.110305,-0.519719 0.04725,-1.063059 1.488281,-0.354351 -0.07087,-0.4016 -1.015809,-0.850448 0,-2.126115 2.504092,-2.834821 2.88207,-0.803199 0.85045,0.992187 4.20498,-0.755952 4.25224,-3.685268 5.00818,-2.078869 2.88207,-0.897694 1.13393,-1.275669 4.63021,-1.464658 1.74814,10.299851 4.86644,1.417411 2.17336,-1.417411 0.99219,0.850447 2.83482,-1.795387 4.27586,4.323102 0.18897,3.638021 3.16556,1.488281 0.54334,3.708892 2.69309,1.700892 1.29929,-0.968562 2.05524,-0.141743 1.39379,-1.039434 0.14174,-2.905691 0.16537,-3.236423 -3.11832,-3.212797 -0.11811,-0.708705 1.79538,-2.315104 0.0709,-3.779762 -1.18117,-2.929315 0.94494,-0.188989 3.26004,1.417411 1.03944,-1.795387 5.14993,-0.04725 0.23624,5.858631 1.65364,0.330729 2.74033,2.598587 -1.37016,0.377976 -1.65365,1.606398 -1.13393,-0.283482 -0.61421,0.141742 -0.61422,0.614211 -0.47246,0.992187 0.37798,1.039436 1.22842,-0.141743 1.98437,0.236236 1.74815,-0.377976 1.27567,-3.543527 0.9036,0.640787 -5.77006,19.958912 -0.18899,3.685267 -11.10306,18.095613 -12.61495,-0.188986 -7.84301,2.50409 -4.48847,-1.322916 -8.88244,-0.236236 -6.42559,-2.504091 -5.90586,0.897694 -6.28385,-1.653645 -0.252143,-26.727184 z",
    "tot_sewer_and_water": 4769.0,
    "avg_sewer_and_water": 3.8898858075,
    "num_sewer_and_water": 1226.0,
    "tot_power": 3977.0,
    "avg_power": 3.2438825449,
    "num_power": 1226.0,
    "tot_roads_and_bridges": 5099.0,
    "avg_roads_and_bridges": 4.1590538336,
    "num_roads_and_bridges": 1226.0,
    "tot_buildings": 4955.0,
    "avg_buildings": 4.0415986949,
    "num_buildings": 1226.0,
    "tot_shake_intensity": 1172.0,
    "avg_shake_intensity": 2.4621848739,
    "num_shake_intensity": 476.0,
    "tot_medical": 84.0,
    "avg_medical": 4.0,
    "num_medical": 21.0
  },
  "Safe Town": {
    "id": "Safe Town",
    "d": "m 152.65511,66.041888 -4.53571,8.173736 -7.03981,7.323288 -0.0281,12.333743 61.82723,0.753642 10.97031,-1.872872 -0.67046,-3.418753 3.77976,-1.700895 0.18899,-0.850445 -3.2128,-1.511906 -3.1183,0 -3.87426,-6.803569 0.94494,0.188986 -3.40178,-5.102677 1.41741,-3.496281 -4.72471,-11.055802 2.45685,0.661458 -5.66964,-5.953125 -1.79539,0.09449 -1.88988,-2.267857 0.85045,-1.795386 1.6064,1.039434 1.03943,0.188989 2.45685,2.173362 2.55133,-1.511903 0.18899,-0.944941 -4.7247,-4.346726 7.27604,-9.165923 -1.70089,-1.13393 -10.29985,9.921875 -7.74851,0.283482 -2.55134,-1.795386 0.37797,-2.078868 -0.75595,-1.039437 0.28348,-1.133927 0.75595,-0.188989 0.56697,0.188989 0,0.944941 -0.18899,0.944941 1.70089,0 -0.0945,-1.228424 -2.74033,-3.685267 -0.66146,-1.889882 -3.1183,-2.078868 -1.70089,-3.307292 -5.29167,-3.874256 -0.94494,-4.724702 0.94494,-2.456845 -1.03943,-0.472471 -5.00819,18.42634 -2.36235,7.465028 -0.18899,3.685268 z",
    "tot_sewer_and_water": 9284.0,
    "avg_sewer_and_water": 2.9379746835,
    "num_sewer_and_water": 3160.0,
    "tot_power": 9679.0,
    "avg_power": 3.0629746835,
    "num_power": 3160.0,
    "tot_roads_and_bridges": 10488.0,
    "avg_roads_and_bridges": 3.3189873418,
    "num_roads_and_bridges": 3160.0,
    "tot_buildings": 11111.0,
    "avg_buildings": 3.5161392405,
    "num_buildings": 3160.0,
    "tot_shake_intensity": 2421.0,
    "avg_shake_intensity": 1.1539561487,
    "num_shake_intensity": 2098.0,
    "tot_medical": 10447.0,
    "avg_medical": 3.3060126582,
    "num_medical": 3160.0
  },
  "Southwest": {
    "id": "Southwest",
    "d": "m 90.570959,103.02664 -22.110022,0.0569 -0.283483,-9.543895 -2.882069,-0.330729 0.118118,-16.701822 -9.591146,-0.779577 -0.04725,-0.732327 -6.236608,-0.02363 0.212611,12.331472 3.307292,0.283483 -0.64017,14.371035 -1.403165,0.7684 4.04245,9.18739 10.048877,6.47824 9.165924,7.55952 6.000371,0.33073 8.409969,5.38616 9.827382,4.96094 15.54427,2.12611 0.73795,2.09022 3.70837,-0.46772 -3.14042,-5.14492 -2.8178,-3.89534 -9.37637,-13.07629 -12.628491,-13.43029 z",
    "tot_sewer_and_water": 15255.0,
    "avg_sewer_and_water": 3.3564356436,
    "num_sewer_and_water": 4545.0,
    "tot_power": 27388.0,
    "avg_power": 6.0259625963,
    "num_power": 4545.0,
    "tot_roads_and_bridges": 18439.0,
    "avg_roads_and_bridges": 4.0569856986,
    "num_roads_and_bridges": 4545.0,
    "tot_buildings": 22638.0,
    "avg_buildings": 4.9808580858,
    "num_buildings": 4545.0,
    "tot_shake_intensity": 14737.0,
    "avg_shake_intensity": 3.5188634193,
    "num_shake_intensity": 4188.0,
    "tot_medical": 314.0,
    "avg_medical": 4.5507246377,
    "num_medical": 69.0
  },
  "Downtown": {
    "id": "Downtown",
    "d": "m 65.413503,76.507093 2.673408,0.393949 5.879931,-6.748555 0.133633,-4.142679 3.942225,-3.80859 6.748558,-0.267269 5.686793,1.934578 0.09291,39.158113 -22.110022,0.0569 -0.283483,-9.543895 -2.882069,-0.330729 z",